声音产生的条件,2040101010000
声音的传播,2040101020000
我们怎样听到声音,2040102010000
骨传声与双耳效应,2040102020000
乐音的三要素,2040103010000
声音的频率,2040103020000
噪声,2040104010000
防治噪声的途径,2040104020000
声音传递信息,2040105010000
声音传递能量,2040105020000
声音的综合利用,2040105030000
光的直线传播,2040201010000
光的反射,2040201020000
光反射的实际应用,2040201030000
光的折射,2040201040000
光的色散,2040201050000
看不见的光,2040201060000
透镜,2040202010000
凸透镜成像规律,2040202020000
生活中的透镜,2040202030000
眼睛和眼镜,2040202040000
显微镜和望远镜,2040202050000
物态与温度,2040301010000
熔化和凝固,2040301020000
汽化和液化,2040301030000
升华和凝华,2040301040000
分子热运动,2040302010000
内能,2040302020000
比热容,2040302030000
热机,2040302040000
热机效率,2040302050000
热平衡方程的应用,2040302060000
能量,2040303010000
能量的转化和转移,2040303020000
能量转化的应用,2040303030000
能量守恒定律,2040303040000
能量利用效率,2040303050000
能源家族,2040304010000
核能,2040304020000
太阳能,2040304030000
能源与可持续发展,2040304040000
物质结构与物体尺度,2040401010000
物质的质量及其测量,2040401020000
物质的密度,2040401030000
测量物质的密度,2040401040000
密度与生活,2040401050000
长度和时间的测量,2040402010000
运动的描述,2040402020000
运动的快慢,2040402030000
变速运动与平均速度,2040402040000
力,2040403010000
弹力,2040403020000
重力,2040403030000
摩擦力,2040403040000
惯性与牛顿第一定律,2040404010000
二力平衡,2040404020000
压力与压强,2040405010000
液体内部压强,2040405020000
大气压强,2040405030000
流体压强与流速的关系,2040405040000
浮力,2040406010000
阿基米德原理,2040406020000
物体浮沉条件及其应用,2040406030000
杠杆,2040407010000
滑轮,2040407020000
其他机械,2040407030000
功,2040408010000
功率,2040408020000
机械效率,2040408030000
机械能,2040408040000
摩擦起电,2040501010000
简单电路,2040501020000
电流,2040501030000
电压,2040502010000
电阻,2040502020000
电流与电压、电阻的关系,2040503010000
欧姆定律,2040503020000
电阻的测量,2040503030000
欧姆定律在串并联电路中的应用,2040503040000
电功,2040504010000
电功率,2040504020000
焦耳定律,2040504030000
家庭电路,2040505010000
安全用电,2040505020000
磁现象与磁场,2040506010000
电生磁,2040506020000
电磁铁,2040506030000
电动机,2040506040000
磁生电,2040506050000
电磁波,2040507010000
广播、电视和移动电话,2040507020000
越来越宽的信息之路,2040507030000